{
    "杭州市": [120.15, 30.28],
    "上城区": [120.17, 30.25],
    "钱塘区": [120.49358,30.329323],
    "拱墅区": [120.13, 30.32],
    "西湖区": [120.13, 30.27],
    "滨江区": [120.20, 30.20],
    "萧山区": [120.27, 30.17],
    "余杭区": [120.30, 30.42],
    "桐庐县": [119.67, 29.80],
    "淳安县": [119.03, 29.60],
    "建德市": [119.28, 29.48],
    "富阳区": [119.95, 30.05],
    "临平区": [120.303717,30.425735],
    "临安市": [119.72, 30.23],
    "宁波市": [121.55, 29.88],
    "海曙区": [121.55, 29.87],
    "江东区": [121.57, 29.87],
    "江北区": [121.55, 29.88],
    "北仑区": [121.85, 29.93],
    "镇海区": [121.72, 29.95],
    "鄞州区": [121.53, 29.83],
    "象山县": [121.87, 29.48],
    "宁海县": [121.43, 29.28],
    "余姚市": [121.15, 30.03],
    "慈溪市": [121.23, 30.17],
    "奉化市": [121.40, 29.65],
    "温州市": [120.70, 28.00],
    "鹿城区": [120.65, 28.02],
    "龙湾区": [120.82, 27.93],
    "洞头县": [121.15, 27.83],
    "永嘉县": [120.68, 28.15],
    "平阳县": [120.57, 27.67],
    "苍南县": [120.40, 27.50],
    "文成县": [120.08, 27.78],
    "泰顺县": [119.72, 27.57],
    "瑞安市": [120.63, 27.78],
    "乐清市": [120.95, 28.13],
    "嘉兴市": [120.75, 30.75],
    "秀洲区": [120.70, 30.77],
    "嘉善县": [120.92, 30.85],
    "海盐县": [120.95, 30.53],
    "海宁市": [120.68, 30.53],
    "平湖市": [121.02, 30.70],
    "桐乡市": [120.57, 30.63],
    "湖州市": [120.08, 30.90],
    "吴兴区": [120.12, 30.87],
    "南浔区": [120.43, 30.88],
    "德清县": [119.97, 30.53],
    "长兴县": [119.90, 31.02],
    "安吉县": [119.68, 30.63],
    "绍兴市": [120.57, 30.00],
    "越城区": [120.57, 30.00],
    "绍兴县": [120.47, 30.08],
    "新昌县": [120.90, 29.50],
    "诸暨市": [120.23, 29.72],
    "上虞市": [120.87, 30.03],
    "嵊州市": [120.82, 29.58],
    "金华市": [119.65, 29.08],
    "婺城区": [119.65, 29.08],
    "金东区": [119.70, 29.08],
    "武义县": [119.82, 28.90],
    "浦江县": [119.88, 29.45],
    "磐安县": [120.43, 29.05],
    "兰溪市": [119.45, 29.22],
    "义乌市": [120.07, 29.30],
    "东阳市": [120.23, 29.28],
    "永康市": [120.03, 28.90],
    "衢州市": [118.87, 28.93],
    "柯城区": [118.87, 28.93],
    "衢江区": [118.93, 28.98],
    "常山县": [118.52, 28.90],
    "开化县": [118.42, 29.13],
    "龙游县": [119.17, 29.03],
    "江山市": [118.62, 28.75],
    "舟山市": [122.20, 30.00],
    "定海区": [122.10, 30.02],
    "普陀区": [122.30, 29.95],
    "岱山县": [122.20, 30.25],
    "嵊泗县": [122.45, 30.73],
    "台州市": [121.43, 28.68],
    "椒江区": [121.43, 28.68],
    "黄岩区": [121.27, 28.65],
    "路桥区": [121.38, 28.58],
    "玉环县": [121.23, 28.13],
    "三门县": [121.38, 29.12],
    "天台县": [121.03, 29.13],
    "仙居县": [120.73, 28.87],
    "温岭市": [121.37, 28.37],
    "临海市": [121.12, 28.85],
    "丽水市": [119.92, 28.45],
    "莲都区": [119.92, 28.45],
    "青田县": [120.28, 28.15],
    "缙云县": [120.07, 28.65],
    "遂昌县": [119.27, 28.60],
    "松阳县": [119.48, 28.45],
    "云和县": [119.57, 28.12],
    "庆元县": [119.05, 27.62],
    "景宁畲族自治县": [119.63, 27.98],
    "龙泉市": [119.13, 28.08]
}