{
    "成都市": [103.9, 30.9],
    "锦江区": [104.08, 30.67],
    "青羊区": [104.05, 30.68],
    "金牛区": [104.05, 30.70],
    "武侯区": [104.05, 30.65],
    "成华区": [104.10, 30.67],
    "龙泉驿区": [104.27, 30.57],
    "青白江区": [104.23, 30.88],
    "新都区": [104.15, 30.83],
    "温江区": [103.83, 30.70],
    "金堂县": [104.43, 30.85],
    "双流区": [103.92123223642385,30.57749484447018],
    "郫县": [103.88, 30.82],
    "大邑县": [103.52, 30.58],
    "蒲江县": [103.50, 30.20],
    "新津县": [103.82, 30.42],
    "都江堰市": [103.62, 31.00],
    "彭州市": [103.93, 30.98],
    "邛崃市": [103.47, 30.42],
    "崇州市": [103.67, 30.63],
    "自贡市": [104.78, 29.35],
    "自流井区": [104.77, 29.35],
    "贡井区": [104.72, 29.35],
    "大安区": [104.77, 29.37],
    "沿滩区": [104.87, 29.27],
    "荣县": [104.42, 29.47],
    "富顺县": [104.98, 29.18],
    "攀枝花市": [101.72, 26.58],
    "东区": [101.70, 26.55],
    "西区": [101.60, 26.60],
    "仁和区": [101.73, 26.50],
    "米易县": [102.12, 26.88],
    "盐边县": [101.85, 26.70],
    "泸州市": [105.43, 28.87],
    "江阳区": [105.45, 28.88],
    "纳溪区": [105.37, 28.77],
    "龙马潭区": [105.43, 28.90],
    "泸县": [105.38, 29.15],
    "合江县": [105.83, 28.82],
    "叙永县": [105.43, 28.17],
    "古蔺县": [105.82, 28.05],
    "德阳市": [104.38, 31.13],
    "旌阳区": [104.38, 31.13],
    "中江县": [104.68, 31.03],
    "罗江县": [104.50, 31.32],
    "广汉市": [104.28, 30.98],
    "什邡市": [104.17, 31.13],
    "绵竹市": [104.20, 31.35],
    "绵阳市": [104.73, 31.47],
    "涪城区": [104.73, 31.47],
    "游仙区": [104.75, 31.47],
    "三台县": [105.08, 31.10],
    "盐亭县": [105.38, 31.22],
    "安县": [104.57, 31.53],
    "梓潼县": [105.17, 31.63],
    "北川羌族自治县": [104.45, 31.82],
    "平武县": [104.53, 32.42],
    "江油市": [104.75, 31.78],
    "广元市": [105.83, 32.43],
    "市中区": [103.77, 29.57],
    "元坝区": [105.97, 32.32],
    "朝天区": [105.88, 32.65],
    "旺苍县": [106.28, 32.23],
    "青川县": [105.23, 32.58],
    "剑阁县": [105.52, 32.28],
    "苍溪县": [105.93, 31.73],
    "遂宁市": [105.57, 30.52],
    "船山区": [105.57, 30.52],
    "安居区": [105.45, 30.35],
    "蓬溪县": [105.72, 30.78],
    "射洪县": [105.38, 30.87],
    "大英县": [105.25, 30.58],
    "内江市": [105.05, 29.58],
    "东兴区": [105.07, 29.60],
    "威远县": [104.67, 29.53],
    "资中县": [104.85, 29.78],
    "隆昌县": [105.28, 29.35],
    "乐山市": [103.77, 29.57],
    "沙湾区": [103.55, 29.42],
    "五通桥区": [103.82, 29.40],
    "金口河区": [103.08, 29.25],
    "犍为县": [103.95, 29.22],
    "井研县": [104.07, 29.65],
    "夹江县": [103.57, 29.73],
    "沐川县": [103.90, 28.97],
    "峨边彝族自治县": [103.27, 29.23],
    "马边彝族自治县": [103.55, 28.83],
    "峨眉山市": [103.48, 29.60],
    "南充市": [106.08, 30.78],
    "顺庆区": [106.08, 30.78],
    "高坪区": [106.10, 30.77],
    "嘉陵区": [106.05, 30.77],
    "南部县": [106.07, 31.35],
    "营山县": [106.57, 31.08],
    "蓬安县": [106.42, 31.03],
    "仪陇县": [106.28, 31.27],
    "西充县": [105.88, 31.00],
    "阆中市": [106.00, 31.55],
    "眉山市": [103.83, 30.05],
    "东坡区": [103.83, 30.05],
    "仁寿县": [104.15, 30.00],
    "彭山县": [103.87, 30.20],
    "洪雅县": [103.37, 29.92],
    "丹棱县": [103.52, 30.02],
    "青神县": [103.85, 29.83],
    "宜宾市": [104.62, 28.77],
    "翠屏区": [104.62, 28.77],
    "宜宾县": [104.55, 28.70],
    "南溪县": [104.98, 28.85],
    "江安县": [105.07, 28.73],
    "长宁县": [104.92, 28.58],
    "高县": [104.52, 28.43],
    "珙县": [104.72, 28.45],
    "筠连县": [104.52, 28.17],
    "兴文县": [105.23, 28.30],
    "屏山县": [104.33, 28.83],
    "广安市": [106.63, 30.47],
    "岳池县": [106.43, 30.55],
    "武胜县": [106.28, 30.35],
    "邻水县": [106.93, 30.33],
    "华蓥市": [106.77, 30.38],
    "达州市": [107.50, 31.22],
    "通川区": [107.48, 31.22],
    "达县": [107.50, 31.20],
    "宣汉县": [107.72, 31.35],
    "开江县": [107.87, 31.08],
    "大竹县": [107.20, 30.73],
    "渠县": [106.97, 30.83],
    "万源市": [108.03, 32.07],
    "雅安市": [103.00, 29.98],
    "雨城区": [103.00, 29.98],
    "名山县": [103.12, 30.08],
    "荥经县": [102.85, 29.80],
    "汉源县": [102.65, 29.35],
    "石棉县": [102.37, 29.23],
    "天全县": [102.75, 30.07],
    "芦山县": [102.92, 30.15],
    "宝兴县": [102.82, 30.37],
    "巴中市": [106.77, 31.85],
    "巴州区": [106.77, 31.85],
    "通江县": [107.23, 31.92],
    "南江县": [106.83, 32.35],
    "平昌县": [107.10, 31.57],
    "资阳市": [104.65, 30.12],
    "雁江区": [104.65, 30.12],
    "安岳县": [105.33, 30.10],
    "乐至县": [105.02, 30.28],
    "简阳市": [104.55, 30.40],
    "阿坝藏族羌族自治州": [102.22, 31.90],
    "汶川县": [103.58, 31.48],
    "理县": [103.17, 31.43],
    "茂县": [103.85, 31.68],
    "松潘县": [103.60, 32.63],
    "九寨沟县": [104.23, 33.27],
    "金川县": [102.07, 31.48],
    "小金县": [102.37, 31.00],
    "黑水县": [102.98, 32.07],
    "马尔康县": [102.22, 31.90],
    "壤塘县": [100.98, 32.27],
    "阿坝县": [101.70, 32.90],
    "若尔盖县": [102.95, 33.58],
    "红原县": [102.55, 32.80],
    "甘孜藏族自治州": [101.97, 30.05],
    "康定县": [101.97, 30.05],
    "泸定县": [102.23, 29.92],
    "丹巴县": [101.88, 30.88],
    "九龙县": [101.50, 29.00],
    "雅江县": [101.02, 30.03],
    "道孚县": [101.12, 30.98],
    "炉霍县": [100.68, 31.40],
    "甘孜县": [99.98, 31.62],
    "新龙县": [100.32, 30.95],
    "德格县": [98.58, 31.82],
    "白玉县": [98.83, 31.22],
    "石渠县": [98.1, 32.98],
    "色达县": [100.33, 32.27],
    "理塘县": [100.27, 30.00],
    "巴塘县": [99.1, 30.00],
    "乡城县": [99.8, 28.93],
    "稻城县": [100.30, 29.03],
    "得荣县": [99.28, 28.72],
    "凉山彝族自治州": [102.27, 27.90],
    "西昌市": [102.27, 27.90],
    "木里藏族自治县": [101.28, 27.93],
    "盐源县": [101.50, 27.43],
    "德昌县": [102.18, 27.40],
    "会理县": [102.25, 26.67],
    "会东县": [102.58, 26.63],
    "宁南县": [102.77, 27.07],
    "普格县": [102.53, 27.38],
    "布拖县": [102.82, 27.72],
    "金阳县": [103.25, 27.70],
    "昭觉县": [102.85, 28.02],
    "喜德县": [102.42, 28.32],
    "冕宁县": [102.17, 28.55],
    "越西县": [102.52, 28.65],
    "甘洛县": [102.77, 28.97],
    "美姑县": [103.13, 28.33],
    "雷波县": [103.57, 28.27]
}